{"cameraMode":{"drawMode":0,"name":"Shaded","section":"Shading Mode"},"sceneLighting":true,"audioPlay":false,"sceneViewState":{"m_AlwaysRefresh":false,"showFog":true,"showSkybox":true,"showFlares":true,"showImageEffects":true,"showParticleSystems":true,"showVisualEffectGraphs":true,"m_FxEnabled":false},"in2DMode":false,"pivot":{"x":0.07941830158233643,"y":3.510852813720703,"z":11.252148628234864},"rotation":{"x":-0.24429106712341309,"y":-0.017358247190713884,"z":0.004379107151180506,"w":-0.9696133136749268},"size":14.074350357055664,"orthographic":false}